subreddit,post_id,title,content,created_time,num_comments,url,comment_1,comment_2,comment_3,comment_4,comment_5
iPhone13,1ip668y,Is an uppgrade worth it or not ?,"Hey everyone, I currently hold an iPhone 13 base model, it works fine but battery sucks at 78%, I‚Äôm thinking about either getting it replaced or switching to a newer model. What do you guys suggest ?",2025-02-14 08:34:14,6,https://www.reddit.com/r/iPhone13/comments/1ip668y/is_an_uppgrade_worth_it_or_not/,"If you really want a new phone, wait for SE4/iphone 17. Although replacing only the battery will solve your issue. Would recommend replacing it with original battery, so you get great performance.","Its really up to you, but i'd recommend holding off until the 17's release for an upgrade, everything's price drops down and you might like the 15-17. Or wait for the new SE 4 that's rumored to release next week, it's rlly good for the expected price and its worth taking a look at",I am about to upgrade to the iPhone 16.,I‚Äôm using mine as long as it works. A battery replacement is far cheaper than a new phone.,"If you can, sell it and upgrade. That's always the plan anyways."
iPhoneXR,1idmxu8,IPhone XR might get iOS 19 support,At 1:00 trusted source lists models that will support iOS 19. ,2025-01-30 13:28:30,46,https://youtu.be/j7inmQjo-ds?si=TM0eBqt0aE8gLuUU,Judging from the current performance of the XR in 18? I don‚Äôt think it‚Äôs still worth the update,"Mine still stays on iOS 17.0.3, since I‚Äôm worried about my performance and storage since it was 64GB. I know it‚Äôs not highly recommended for safety reasons, but it‚Äôs okay for me; I didn‚Äôt click on any suspicious link. iOS 17.0.3 performs very well so far. All my apps still work on iOS 17. I will force myself to update as long as the apps I wanted to use require the latest iOS.",Is there a TLDR? Is XR going to be on iOS 19?,Im staying on iOS 16 :),I don't think it will reach iOs 19...ü§î
iPhone13,1k8q5ea,How much would this cost to fix? No Apple Care,How much would this cost to fix? I really love the camera in this phone and keep it around for photography. The back keeps cracking more and more though so I would like to get it fixed because it‚Äôs starting to bother me ,2025-04-26 23:27:03,190,https://i.redd.it/hud60846k9xe1.jpeg,Cheap option: put a case on the thing and forget about it.,I would charge $135 to fix. But most shops are different,"Put a dedicated protective film on it to prevent glass from falling off and reduce further crack propagation. Then put a non-clear case on it. It‚Äôs just not worth replacing it, unless you do it yourself.",at this point just get a new one if you're financially stable,Here in Leicester about ¬£70 in a phone shop.
iPhone13,1ibrg7v,iOS 18.3 UPDATE WITH THE PREV. BUGS???,Has anyone update their iP13 to the latest iOS?? Did the horizontal line bug in photos library been fixed??,2025-01-28 02:36:52,2,https://www.reddit.com/r/iPhone13/comments/1ibrg7v/ios_183_update_with_the_prev_bugs/,Fixed!,,,,
iPhone13,1ikr17q,Can someone tell me why my wallpaper has a slight gray tint to it?,"And this only happens when I go to the home screen because on the lock screen, it‚Äôs back to normal with the bright, yellow and blue and red ",2025-02-08 16:25:00,4,https://v.redd.it/l5axkqaoyxhe1,Wallpaper dimming bug.. i dont know can you anything about it. Its known bug for now.,"It‚Äôs new IOS update

To disable it:
Do a long tap on Home Screen so you can go to edit mode, and then go to the Customize section, and then you see a sun Icon. Just tap it and it will get rid of the gray tint

Hopefully, I explained good‚Ä¶",,,
iPhone13,1hdwkxa,I am doing a little fun survey..,"Hey, can you all share in the comments how old is your phone and how much is the battery health?

Im just curious to know how different each phone‚Äôs will be.",2024-12-14 06:08:16,34,https://www.reddit.com/r/iPhone13/comments/1hdwkxa/i_am_doing_a_little_fun_survey/,3 years and 86%,2 years 85%ü•≤,Launch day iPhone 13 Pro Max. 73% battery health. About to be 100% again when I get the battery replaced.,"3 years, just dropped to 94%",3 years - 78%
iPhoneXR,1g6lz30,Is battery better after IOS 18 for you?,"Don‚Äôt know if I should update. I didn‚Äôt even updated go IOS 17, I‚Äôm still on IOS 16.",2024-10-18 16:13:55,22,https://www.reddit.com/r/iPhoneXR/comments/1g6lz30/is_battery_better_after_ios_18_for_you/,It‚Äôs about the same for me.,almost the same but kind of better than 17,Honestly the last thing you should be worrying about when updating to iOS 18 is your battery. These features are a must for me.,Worse,"I never got to use IOS 18 on my XR. However, I was going to tough it out because there really was nothing wrong with my XR except for the battery. Anyway, Verizon made me such a good deal to upgrade to the 16 and I made the switch."
iPhoneXR,19b9kji,Let‚Äôs say I went to the store and spent $1300 on an iPhone 15‚Ä¶,"How does my life change from this iPhone XR?  

I‚Äôve been thinking of upgrading since the 14!  Honestly I even have a gambling problem‚Ä¶ but I somehow have more of a problem purchasing a $1300 item that is the same exact item over 5 years later‚Ä¶

A but faster but it‚Äôs all relative
Better camera
wtf else would I use?

$1300?! For. What in comparison?",2024-01-20 11:13:55,126,https://www.reddit.com/r/iPhoneXR/comments/19b9kji/lets_say_i_went_to_the_store_and_spent_1300_on_an/,"It‚Äôll work for the next 5 years. Your XR is probably workable now, but you‚Äôre gonna need to upgrade or something in the next few years. May as well start enjoying the battery and speed improvements now. And get your trade in value while you can.","Life will stay the same. After 10 days you‚Äôll be feeling the same feeling, scrolling the same content with same apps as now.","I know what u mean.. im having iphone X and i went to the applestore many times and scrolles all the new iphone 15.. they pretty much doing the same things as my X.. same system, apps, etc.. only small changes have happend like action button, better camera etc which to be honest wont help me much.. i mean yea the 15 are better phones than my X but there is no WOW effect","Upgraded recently from the xr to the 15 pro. Personally love my new phone Espcially since I love taking a ton of photos, with the .5 , zoom among other cool features in the camera. Also I can last a whole day in 1 day battery charge instead of 2-3 hours.","I just upgraded from the xr to the 15 pro and personally it was worth it 100%, xr battery wouldn‚Äôt even last a day, if i was on facetime and tried doing anything it would lag and overheat tremendously. the 15 pro on the other hand, my battery can easily last 2 days with moderate use, everything is so much snappier and the action button is quite nice with the use of shortcuts"
iPhone13,1k1n2ir,iOS 18.4.1 ‚Äî update your iPhone right now to apply emergency security fix,,2025-04-17 20:37:39,1,https://www.elhayat-life.com/2025/04/17/ios-18-4-1-update-your-iphone-right-now-to-apply-emergency-security-fix/,"It looks like you might be looking for help or support, in which case the [Support FAQs](https://www.reddit.com/r/iphone/wiki/support-faq/) may be helpful to you.

*I am a bot, and this action was performed automatically. Please [contact the moderators of this subreddit](/message/compose/?to=/r/iPhone13) if you have any questions or concerns.*",,,,
iPhoneXR,1jcw0ib,Need Advice: Should I Repair My iPhone 11 and Keep Using My iPhone XR as a Secondary Phone or swap them?,"Hey everyone, I‚Äôm looking for some advice on my current iPhone situation.

I currently use two iPhones:

iPhone 11 (Primary Phone) ‚Äì This has both my Oman numbers (personal and work). It has speaker issues (very low volume) and poor battery health (65%).
iPhone XR (Secondary Phone) ‚Äì This has my Indian numbers and India-specific apps. I also use it for video calls at home on Wi-Fi. It has minor issues but better battery health (79%) and works fine for now.

I plan to buy a new non-Pro iPhone around October/November this year, but I can‚Äôt afford to replace both phones. I need to decide:

1. Should I repair the iPhone 11 (battery and speaker possibly) and keep it as my secondary phone when I get a new one?
2. Or should I just continue using the iPhone XR as my secondary device and retire the iPhone 11 once I get my new phone?
3. Should I temporarily swap usage between both phones until I upgrade, instead of repairing?

Would love to hear your thoughts on what would be the best long-term approach! 

Thanks in advance.",2025-03-16 21:18:06,2,https://www.reddit.com/r/iPhoneXR/comments/1jcw0ib/need_advice_should_i_repair_my_iphone_11_and_keep/,I believe you should get the 11 repaired and retire the XR when you get a new phone in September. You could even put it towards getting an iPhone 13 along with your 11 to use as your secondary phone or something.,"the XR is still decent for basics. Youll be okay with it on ios 18.3.2, so U can use the XR as main for 1-2 years",,,
iPhoneXR,1jrfmu8,Need Help - iPhone XR Bluetooth Not Working - Please Refer From Screenshot,"My iPhone XR is not working properly when turning on Bluetooth and trying to pair. I‚Äôve already tried a hard reset, but it didn‚Äôt work. Is this a flex cable issue? If so, would replacing the flex cable solve the problem? Also, the Wi-Fi connection isn‚Äôt very strong‚Äîdo I need to replace the Wi-Fi flex cable as well?",2025-04-04 16:08:41,1,https://www.reddit.com/gallery/1jrfmu8,"Have you run a diagnostic test to see if it detects any issues first? or bring it to any aasp to check - most will run the check for free and only charge for repairs (eg doctoridevice, switch, techfix, or even the apple store at trx)",,,,
iPhone13,1jzddj1,amfilm screen protector for iphone 13,"# I recently got a 13 and needed a new screen protector. I decided to go with the Amfilm Onetouch Tempered Glass screen protector from Amazon. I found the installation to be incredibly easy, so easy in fact that I thought that the screen protector hadn't even applied yet when I took it off as it quite literally required one touch. Has anyone else had experience with the durability of this protector in the past?",2025-04-14 23:34:47,0,https://www.reddit.com/r/iPhone13/comments/1jzddj1/amfilm_screen_protector_for_iphone_13/,,,,,
iPhone13,1jni0yv,IOS 18 laggy and not running good at all,"why is ios 18 so buggy on my iphone 13, does anybody else have the problem where your emojis don‚Äôt go to recently used? (for context ios 18 ran fine on my iphone 11) im considering returning my iphone 13 hearing the news that ios 19 is gonna be on my 11 anyways? any insights on what ios 19 holds besides a redesign?",2025-03-30 17:47:06,10,https://www.reddit.com/r/iPhone13/comments/1jni0yv/ios_18_laggy_and_not_running_good_at_all/,[deleted],"13 mini 18.3 works smoothly. But i cant say something about battery, cause its already got 76% of health and its almost fine for me, because im not living in the deep forest )","iOS 18.1 runs perfectly for me. no slow down, no battery drain, nothing

today battery lost 17% & i‚Äôve been out for 3h using it consistently","It looks like you might be looking for help or support, in which case the [Support FAQs](https://www.reddit.com/r/iphone/wiki/support-faq/) may be helpful to you.

*I am a bot, and this action was performed automatically. Please [contact the moderators of this subreddit](/message/compose/?to=/r/iPhone13) if you have any questions or concerns.*",[deleted]
iPhoneXR,1hfdqo6,you guys update your iphone xr to ios 18.2? how is it? your battery life is more than slower to decrease or nothing happend or what?,,2024-12-16 07:15:40,49,https://www.reddit.com/r/iPhoneXR/comments/1hfdqo6/you_guys_update_your_iphone_xr_to_ios_182_how_is/,"iOS 18.2 increases performance & battery life for the iphone XR & other devices.

source: every iphone XR user that updated to iOS 18.2","I updated to 18.2 from 17.7.2, and the device became hot and laggy. Then I erased all data and did a fresh install of 18.2 via iTunes. Everything is now very smooth, the battery life is excellent, and gaming feels more stable compared to previous versions."," I made the mistake of updating my XR to 18.2 two days ago, left the house with 92% battery, took one photo, wrote one Facebook post, spent 15 minutes on Facebook and texted one person and made an 8.42 minute call (spent on hold) and my battery was down to 23% when I returned home some 5 hours later.  Boy was this a mistake updating to IOS 18 on my XR.","I started w 18.1.1 and had some serious lag issues. e.g. Camera would freeze for 20-30 secs then take 2-3 pics based in my initial button pushes. Lots of other lags that made me want to throw my phone into the ground. After a bit it seemed to improve. Since upgrading to 18.2 performance is about on par with what 17 felt like. Battery drain is same. Current Max capacity is at 81%. One thing I  discovered when downloading 18.2 was that my 128GB storage was near maxed out (iOS told me it had to remove some lesser used apps to make room). 

I‚Äôd recently toggled Photos to keep all pics local on my phone (vs ‚Äúoptimizing‚Äù storage by keeping most pics on iCloud). I also had a ton of downloaded podcasts and music I wasn‚Äôt listening to so I freed up a ton of space. I‚Äôm guessing near maxed out storage was hurting performance. In any case my XR is working fine now w 18.2","i updated today fron 18.1.1 and performance wise is soo much smother, about the battery life atm i cant tell"
iPhoneXR,1dhc1bp,The IPhone XR After 5 years and 8 months,5 years and 8 months I bought The IPhone XR 128GB on Release it was the best phone I‚Äôve ever used and held it up to this day I‚Äôve rocked my phone everyday without any case or screen protector now I am switching to the IPhone 15 pro ,2024-06-16 17:02:12,10,https://www.reddit.com/gallery/1dhc1bp,See ya soldier,"How is battery still at 79%, what‚Äôs your secret ?",What made you decide to go with the 15 pro now? I'm on the fence but I'm thinking of waiting the extra couple of months for the 16 pro to be released.,Older iOS version??,Ggs
iPhone13,1hljzf4,need cpu benchmark results on iOS18.2!!,if someone have updated their iphone 13 to the latest 18.2 version. could u pls drop ur cpu benchmarks (on low power mode OFF) pls. im thinking about updating since ive heard the latest 18.2 is working well on the base 13 model.,2024-12-24 18:53:21,25,https://i.redd.it/0bhls7q7fu8e1.jpeg,i will test for you. ill be back in 20 mins or less,"I did the test for you

2413 Single-core
5871 Multi-core

50% Battery
99% Battery life
Updated the same day of the release date of iOS 18.2.
The performance is good but I'm a bit concern about battery life, I hope it gets fixed on iOS 18.3 but still a pretty solid version.","SC: 2307
MC: 5612
iOS 18.2 after iTunes restore and restore data from iCloud.","iOS 18.3 // 2428 Single-Core Score // 5929 Multi-Core Score (13 pro)

Very Nice!",it will be lower than previous versions
iPhoneXR,1grcwhb,will ios 18.3 or some other update make the phone faster again?,i need my phone to be faster idk how much more it can take ,2024-11-14 19:24:21,31,https://www.reddit.com/r/iPhoneXR/comments/1grcwhb/will_ios_183_or_some_other_update_make_the_phone/,"Go back to iOS 17 if you haven‚Äôt. I went back to 17.7.1 and haven‚Äôt been more grateful! Edit: at this time, the iOS 17.6 beta 3 is still signed from apple.","Wait a bit more, maybe 18.6.x. Personally, i downgraded to 17.6.1 back, i missed how fluid and smooth the XR phones was, which i haven‚Äôt experienced in iOS 18.1.","For what it‚Äôs worth 18 was really slow for me, I updated to 18.1 and it‚Äôs much faster, but the battery is degrading faster as well. All in all I‚Äôm happy with it.¬†",Fine with speed of my phone. Battery life is more important. Anyone have Lower battery life now,"We were able to upgrade our XRs to 16s at Verizon. It took almost a month to get the billing right.  We basically paid the taxes on the new phone and had to sign a contract for 36 months.  However, it looks like we got a great deal."
iPhone13,1ie4pv3,Charging connection issue help TIA,For the past probably year I have had trouble getting my charger to connect properly. I take it to apple about once a month they ‚Äú clean it‚Äù and it works for another couple weeks. Apple has   also sent it out to be serviced but the issue persists. Has anyone else experienced this? What was the issue? TIA ,2025-01-31 02:36:25,2,https://www.reddit.com/r/iPhone13/comments/1ie4pv3/charging_connection_issue_help_tia/,"It looks like you might be looking for help or support, in which case the [Support FAQs](https://www.reddit.com/r/iphone/wiki/support-faq/) may be helpful to you.

*I am a bot, and this action was performed automatically. Please [contact the moderators of this subreddit](/message/compose/?to=/r/iPhone13) if you have any questions or concerns.*",Usually ‚Äúclean it‚Äù myself üòÇ,,,
iPhoneXR,1ftk11c,Battery today,Don‚Äôt wanna flex but I got nearly 2 hours Screen on time today üôÉüíÅ üòÇüòÇüòÇüòÇ,2024-10-01 09:32:33,7,https://www.reddit.com/r/iPhoneXR/comments/1ftk11c/battery_today/,I got 6 üíÄ,I get 3 to 4 hours on my iPhone 6s and 5 to 6 and half hours on my iPhone X.,Mine turns off as soon as I unplug it,,
iPhone13,1jto2da,"Music/Video players (spoitfy,youtube, ...) with sliders issue","Hi! New ios user here. In spotify or youtube i have to touch the little ""current"" point and slide it, is there anyway to change it to just tap?",2025-04-07 15:30:10,1,https://www.reddit.com/r/iPhone13/comments/1jto2da/musicvideo_players_spoitfyyoutube_with_sliders/,"It looks like you might be looking for help or support, in which case the [Support FAQs](https://www.reddit.com/r/iphone/wiki/support-faq/) may be helpful to you.

*I am a bot, and this action was performed automatically. Please [contact the moderators of this subreddit](/message/compose/?to=/r/iPhone13) if you have any questions or concerns.*",,,,
iPhoneXR,1deoky2,"Recommended battery brand, and how much would it cost together with replacement service?","Anyone especially in the Philippines, I'm far away from authorized apple center, how much do you think it'll cost me to a local technician?",2024-06-13 02:42:47,7,https://i.redd.it/ksuauhp7596d1.jpeg,"Excuse me but why does it show 100% capacity, yet the notice?",I paid $92.00 at an Apple Store,,,
iPhoneXR,1fpw4j5,Regular 15/16 vs 15 plus ,"Between these three, upgrading to 15 plus from xr makes sense to me
Bigger screen, battery, decent upgrades.

However, at same price we get 16 which is solid future proofing for now but once pro motion comes there will be regret for not waiting another year.

16+ is out of budget.

Which one should i get?

P.S: iphone 15 looks nice and feels better than iphone 16 which feels super loud to me. However black is okay.",2024-09-26 13:25:05,17,https://www.reddit.com/r/iPhoneXR/comments/1fpw4j5/regular_1516_vs_15_plus/,"I'd suggest a 15 Pro or 16 Pro. AI functionality, 120 htz. You'll feel the power. Standard 15/16 with the 60 htz is visibly weaker","iPhone 16 would make sense if you want AI and will keep it for a long time,enough to make the one extra year of upgrades over the 15 series worth it. So,unless you are going to keep it for 7 years or so or care for AI,15 Plus would probably be more worth it since it has better battery life,bigger screen,same cameras as 16 and Dynamic island.","If you‚Äôre just going to upgrade, go for the latest. You‚Äôll spend money anyway. Why not get the latest for longer support? Newer chipset and improved camera (a bit) üòÅ",If you value a bigger screen and amazing battery life the 15 Plus is totally worth it even a year after release. I upgraded to it from my XR and it‚Äôs been awesome. The battery is still at 100% health one year later. It can easily last me up to two days on a charge and the bigger screen is awesome for reading and watching videos. The 15 to 16 isn‚Äôt a huge difference a few little upgrades that we get every year but for the most part they are pretty similar. If you want the bigger phone definitely go for the 15 Plus otherwise get the regular size 16.,"Can you possibly save up for a 16 Plus? The 15 Plus isn't getting Apple Intelligence and the only phone to get that doesn't support Apple Intelligence these days would be an iPhone 13 mini. Any other phone older than the iPhone 16 series other than the 15 Pro and Pro Max is not worth getting anymore thanks to the devices not having Apple Intelligence. The 13 Mini is the only exception because Apple hasn't made another phone of that size, and the 12 Mini is not excluded because the 13 Mini exists. So yeah, get the iPhone 16 or try to save for the 16 Plus, don't get the 15 Plus and especially don't get the 15."
iPhone13,1jpef36,No longer able to update IOS OTA recently.,I signed up for beta testing and installed the requisite things and it allowed me to enjoy OTA updates regardless of what I chose. I don‚Äôt have WiFi here in the woods so it‚Äôs important to me. Any ideas how I can fix this?,2025-04-02 02:46:21,0,https://www.reddit.com/r/iPhone13/comments/1jpef36/no_longer_able_to_update_ios_ota_recently/,,,,,
iPhoneXR,194q6cr,Anyone changed the battery themselves?,How did this go?,2024-01-12 08:25:20,1,https://www.reddit.com/r/iPhoneXR/comments/194q6cr/anyone_changed_the_battery_themselves/,"I‚Äôve done it twice. 

Are you good at taking things apart and putting them back together? I‚Äôd say the most important things:

- Read the instructions once or twice, from beginning to end so you know what will be involved. 
- go slow and be patient. The screws and parts you‚Äôll be working with are VERY small and you can easily drop or lose things. 

 This is easily doable if you buy a kit with good instructions. I used an ifixit kit that came with the tools. If the instructions say it takes an hour, it‚Äôll take you more than twice that. You‚Äôll be going slow partly so that you don‚Äôt mess up a delicate operation you‚Äôre not familiar with and partly because seeing the inside of your device is pretty interesting and you‚Äôll want to just look around.",,,,
iPhoneXR,1cqdacj,"Those of you who've just had battery replacement, has there been a significant improvement in performance? ",Considering changing the battery here üòÑ,2024-05-12 17:38:01,7,https://www.reddit.com/r/iPhoneXR/comments/1cqdacj/those_of_you_whove_just_had_battery_replacement/,"Although I havent seen any major changes in battery life, i could say that my device has been heating up much more near the back camera region where the cpu is housed",,,,
iPhoneXR,1j5tiqd,"Horizontal Black Line in XR, should I replace screen?","So long story short, I dropped my XR screen first, tempered was a lil cracked, and a thin horizontal black line appeared. It kinda thickened after hours. My question is, will the black line dissapear by itself as time pass? I saw a reddit post that said after a month the line dissapeared, should I wait? ",2025-03-07 16:59:40,9,https://i.redd.it/a3s1ub6htane1.jpeg,I would wait it out but do have a other phone prepared just in case the screen completely craps out,"For my case, it‚Äôs more than a month. Like 3 months, but it finally disappeared (for my case).",Buy a new phone asap,Ya my phone also got a very small line it is also a XR buy that line disappeared automatically in few hours but it can come any time again ‚Ä¶. It originally occurred from a black spot on my screen which also came mysteriously,"Og screen price in delhi is 2k inr its chip 
Can plezz any downgrade my phone to ios 17 im getting to mush lag in ios 18"
iPhone13,1hvsck5,ios 18.2.1 update feedback or observations,How is ios 18.2.1 in terms of the battery performance? Any issues or observations you have encountered after updating your iphone into ios 18.2.1? Thank you. ,2025-01-07 14:15:54,14,https://www.reddit.com/r/iPhone13/comments/1hvsck5/ios_1821_update_feedback_or_observations/,"Not yet enough time with the update, but feels solid (iPhone 13)üëçüèª",It fixed the horrible battery drain that I had on 18.2 (IPhone 15 Plus),Buggy in control center and scrolling but battery is fine ig,My iPhone 12 Pro Max with %91 battery health drains fast. Though this problem was going to be solved,Widgets screen crashes phone each time I swipe to it from the home sreen. Happens to others as well.
iPhone13,1jin6ni,Can‚Äôt save screenshot to album ‚Äî ??,"I get (https://i.imgur.com/d8lrEWq.png)[this] and (https://i.imgur.com/qthV4KI.png)[this] ‚Äî Only lets me save to shared albums. 

So it goes to my library, and into screenshots.

How can I save a screenshot to a regular, non-shared album?",2025-03-24 10:06:31,1,https://www.reddit.com/r/iPhone13/comments/1jin6ni/cant_save_screenshot_to_album/,Can‚Äôt figure out how to edit the links ü§¶üèæ‚Äç‚ôÄÔ∏è but you get the point,,,,
iPhone13,1hs9vpy,"Upgrading from iPhone 7 Plus, need advice or suggestions. Everything is appreciated","I‚Äôm upgrading from an iPhone 7 Plus.

I‚Äôm looking to get the iPhone 13 (Pro? Need opinions on that as well) and I know the 14/Pro won‚Äôt bring me substantial or even noticeable difference. However, could jumping to the 14 be worth it just for the sake of recency and novelty of the 14 (as in it will last longer, everything-wise)? And at that point is the 15 the go-to, at which point the 16 is the better choice? I honestly don‚Äôt know.

‚Ä¢	‚Å†Not interested in professional-grade or advanced camera features

‚Ä¢	‚Å†If there are missing details I don‚Äôt mind adding them",2025-01-03 00:58:42,13,https://www.reddit.com/r/iPhone13/comments/1hs9vpy/upgrading_from_iphone_7_plus_need_advice_or/,You just somehow managed to talk yourself up from a 13 to a 16üò≠,You are using 7 series so you should get 16 with 256GB and use it till 25th series. Also you should wait for SE4 rumoured launch which can save you money,"I have 11, 13, 14, 15. I will say 13 has some glitches. Like whatsapp audio cracks always. Even mine 11 had that same issue. But 14 onwards its not there. And 14 is surprisingly faster and better camera quality. 

From 7 whether 13 or 14 is a great jump. And you will notice the difference, but will suggest to go for 14 or 15 if you can. Because with the AI thing coming, very soon old devices will become slow and software support might go out.","Buy the newer always. If you can afford a 16, then why even think about older models. Same with 15. How can you even think about ip13 if you can buy anything newer",Depends on how much money you want to spend.
iPhoneXR,1grnthy,downgrading from ios 18 to ios 17,"i get 1101 error while flashing 17.6 b3 i tried different cable ports also but still this issue anyone aware of that ??

",2024-11-15 04:02:46,55,https://www.reddit.com/r/iPhoneXR/comments/1grnthy/downgrading_from_ios_18_to_ios_17/,"No ios17 versions are still being signed by Apple. You will not be able to downgrade. 

  
[https://ipsw.me/iPhone11,8](https://ipsw.me/iPhone11,8)",From what version?,Try restarting the PC,"As I said before, try different cable (certified by Apple or the best, original one), reinstall iTunes, restart PC, reinstall iTunes Drivers, try different USB.

I always used this iTunes instead of Store Version if you are on Windows PC.  (You will get proper drivers automatically) [https://www.apple.com/itunes/download/win64](https://www.apple.com/itunes/download/win64)

If none of this works, then I do not have any answer, only Apple repair store..",You can‚Äôt
iPhone13,1k04r3h,Is it worth it to upgrade to the iphone 16 or 16 pro ?,"I've had my iPhone 13 for about two years now, and even though the battery is at 88%, it's still performing really well‚Äîin fact, I think it‚Äôs one of the best iPhone releases so far, especially with the gorgeous green color that I absolutely love. My brother, who‚Äôs in his final year of high school, currently uses a really low-end Xiaomi phone, and I‚Äôve been thinking it might be a good time to get him something better since he used to have an iPhone 6s and really liked it. That‚Äôs when it hit me‚Äîwhy not give him my iPhone 13 and upgrade myself to the upcoming iPhone 16 or 16 Pro? I‚Äôve had a Samsung with a 120Hz display before (which I passed on to my sister), and I remember how smooth that experience was, so when I switched back to the iPhone 13, I definitely noticed the difference. So now I'm torn: should I just buy my brother a used iPhone 11 or 12 and keep using the iPhone 13 myself, or should I go ahead and treat myself to the iPhone 16 or 16 Pro‚Äîdepending on whether the base model is worth it‚Äîand give him my current 13? I‚Äôm wondering if the jump from the 13 to the 16 will be noticeable enough to justify the upgrade.",2025-04-15 22:18:20,36,https://www.reddit.com/r/iPhone13/comments/1k04r3h/is_it_worth_it_to_upgrade_to_the_iphone_16_or_16/,"Silicon carbide battery and camera updates are worth waiting
Maybe 1-2 years","I had a green 13 and upgraded to a 16 pro because my carrier had a deal on, actually saved about $25 a month with a new phone. While it is an upgrade it‚Äôs not a big one. The 16p takes better pictures, runs smoother, the action button and camera buttons I use a lot more than I thought I would but I miss my green phone lol","We have 13s, had upgraded from 6s, we keep our iPhones until the OS can be updated anymore.","I used an iPhone 15 PM at work today and the difference in smoothness is unreal

It‚Äôs so fluid and seamless, I enjoyed just browsing the damn settings üòÇ

if you can afford it, do it",The upgrade from 13 to 16 pro would be worth it. If you can afford it I would do it
iPhoneXR,1ja4jzl,IOS 18.3 Works totally fine with me,"So I read some stuff here others having laggy problems and some bugs with their phone, but I actually haven't experienced any one of these.
I also loved the update the customization you can do from the lock screen/home-screen is great. Unlike before I had to use shortcuts to make my phone look different which requires a lot of time. Btw my battery health is at 81% no repairs done yet. ",2025-03-13 05:04:18,23,https://i.redd.it/lcz98anb3eoe1.jpeg,it‚Äôs cuz you don‚Äôt know how GOOD it ran on 17,IOS 18.3.2 made my iphone xs heat up so fast,what is your take on the video playback in the Photos app?,bc batt healt is 81%,"My bh is 84% after 3 years using iPhone XR I am on iOS 18.4 DB3, I‚Äôm updating phone every time when update is available and no problem so far."
iPhoneXR,1i4a140,"New IOS 19 Rumors Announce A Camera App Redesign, Changes To Siri And A Potential Release Date",,2025-01-18 15:35:10,1,https://techcrawlr.com/new-ios-19-rumors-announce-a-camera-app-redesign-changes-to-siri-and-a-potential-release-date/,Will the camera redesign suck as bad as the new Photos redesign?,,,,
iPhone13,1jzlfgh,Iphone 13 Powerbanks Watts Options.,Hello! I just want to ask if is safe to use higher watts like 22.5W or more in charging. Also can you can you guys recommend some 20 W power bank. Thank you,2025-04-15 06:57:11,5,https://www.reddit.com/r/iPhone13/comments/1jzlfgh/iphone_13_powerbanks_watts_options/,Absolutely. iPhone will get its maximum and nothing extra. Charge controller cares for it.,"
Yes it‚Äôs safe, and I‚Äôd recommend Anker.","anker zolo, the one that has built in type c and lightning, its mf-i certified too!",,
iPhone13,1i6mep7,"Good friends, I have noticed that the speakers sound a little saturated at high volume or with noise, is this normal? I already physically cleaned it",,2025-01-21 16:24:09,2,https://www.reddit.com/r/iPhone13/comments/1i6mep7/good_friends_i_have_noticed_that_the_speakers/,A lot of the phone speakers are like that. Just imagine how tiny they are and prone to damage if you constantly push them too hard.,Yes same,,,
